Model,Threshold,Precision,Recall,Fmeasure
knn,4,0.472361809045226,0.277286135693215,0.349442379182156
knn,8,0.542231491136601,0.548523206751055,0.545359202936549
