dataset,classifier,resampling,balancing,threshold,fixed_threshold,train_size,train_size_class_0,train_size_class_1,test_size,test_size_class_0,test_size_class_1,feature,n_term,tp,fp,tn,fn,acc_class_0,acc_class_1,balanced_acc,precision,recall,fmeasure
eclipse,knn,LGOCV,unbalanced,4,64,3554,2028,1526,1184,676,508,short_long_description,100,444,277,232,231,0.6158113730929264,0.5010799136069114,0.558445643349919,0.6158113730929264,0.6577777777777778,0.6361031518624641
eclipse,knn,LGOCV,unbalanced,8,64,4040,2514,1526,1345,837,508,short_long_description,100,734,389,103,119,0.653606411398041,0.46396396396396394,0.5587851876810025,0.653606411398041,0.8604923798358733,0.742914979757085
eclipse,knn,LGOCV,unbalanced,12,64,4271,2745,1526,1423,915,508,short_long_description,100,825,462,90,46,0.6410256410256411,0.6617647058823529,0.651395173453997,0.6410256410256411,0.947187141216992,0.7645968489341983
eclipse,knn,LGOCV,unbalanced,16,64,4484,2958,1526,1494,986,508,short_long_description,100,957,481,29,27,0.6655076495132128,0.5178571428571429,0.5916823961851778,0.6655076495132128,0.9725609756097561,0.7902559867877788
eclipse,knn,LGOCV,unbalanced,20,64,4628,3102,1526,1541,1033,508,short_long_description,100,978,479,55,29,0.67124227865477,0.6547619047619048,0.6630020917083375,0.67124227865477,0.971201588877855,0.7938311688311689
eclipse,knn,LGOCV,unbalanced,24,64,4767,3241,1526,1588,1080,508,short_long_description,100,1027,470,53,38,0.6860387441549766,0.5824175824175825,0.6342281632862795,0.6860387441549766,0.964319248826291,0.8017174082747853
eclipse,knn,LGOCV,unbalanced,28,64,4893,3367,1526,1630,1122,508,short_long_description,100,1091,489,31,19,0.6905063291139241,0.62,0.655253164556962,0.6905063291139241,0.9828828828828828,0.8111524163568773
eclipse,knn,LGOCV,unbalanced,32,64,4982,3456,1526,1659,1151,508,short_long_description,100,1123,490,28,18,0.6962182269063856,0.6086956521739131,0.6524569395401494,0.6962182269063856,0.9842243645924628,0.8155410312273057
eclipse,knn,LGOCV,unbalanced,36,64,5087,3561,1526,1695,1187,508,short_long_description,100,1162,497,25,11,0.70042194092827,0.6944444444444444,0.6974331926863573,0.70042194092827,0.9906223358908781,0.8206214689265536
