dataset,classifier,resampling,balancing,threshold,fixed_threshold,train_size,train_size_class_0,train_size_class_1,test_size,test_size_class_0,test_size_class_1,feature,n_term,tp,fp,tn,fn,acc_class_0,acc_class_1,balanced_acc,precision,recall,fmeasure
eclipse,knn,LGOCV,unbalanced,4,64,3554,2028,1526,1184,676,508,short_long_description,100,434,289,242,219,0.6002766251728907,0.5249457700650759,0.5626111976189834,0.6002766251728907,0.664624808575804,0.630813953488372
eclipse,knn,LGOCV,unbalanced,8,64,4040,2514,1526,1345,837,508,short_long_description,100,731,405,106,103,0.6434859154929577,0.507177033492823,0.5753314744928903,0.6434859154929577,0.8764988009592326,0.7421319796954314
eclipse,knn,LGOCV,unbalanced,12,64,4271,2745,1526,1423,915,508,short_long_description,100,814,429,101,79,0.6548672566371682,0.5611111111111111,0.6079891838741396,0.6548672566371682,0.9115341545352743,0.7621722846441947
eclipse,knn,LGOCV,unbalanced,16,64,4484,2958,1526,1494,986,508,short_long_description,100,909,449,77,59,0.6693667157584683,0.5661764705882353,0.6177715931733518,0.6693667157584683,0.9390495867768595,0.7815993121238177
eclipse,knn,LGOCV,unbalanced,20,64,4628,3102,1526,1541,1033,508,short_long_description,100,983,476,50,32,0.6737491432488005,0.6097560975609756,0.641752620404888,0.6737491432488005,0.9684729064039409,0.7946645109135004
eclipse,knn,LGOCV,unbalanced,24,64,4767,3241,1526,1588,1080,508,short_long_description,100,1054,483,26,25,0.6857514638906962,0.5098039215686274,0.5977776927296619,0.6857514638906962,0.9768303985171455,0.8058103975535168
eclipse,knn,LGOCV,unbalanced,28,64,4893,3367,1526,1630,1122,508,short_long_description,100,1088,487,34,21,0.6907936507936508,0.6181818181818182,0.6544877344877345,0.6907936507936508,0.9810640216411182,0.8107302533532044
eclipse,knn,LGOCV,unbalanced,32,64,4982,3456,1526,1659,1151,508,short_long_description,100,1120,496,31,12,0.693069306930693,0.7209302325581395,0.7069997697444163,0.693069306930693,0.9893992932862191,0.8151382823871907
