dataset,n_term,classifier,feature,threshold,balancing,resampling,train_size,train_size_class_0,train_size_class_1,test_size,test_size_class_0,test_size_class_1,tp,fp,tn,fn,sensitivity,specificity,balanced_acc,manual_balanced_acc,precision,recall,fmeasure
eclipse,300,nn,long_description,8,smote,repeatedcv,729,369,360,243,123,120,51,62,61,69,0.425,0.4959349593495935,0.46046747967479673,0.46046747967479673,0.46923076923076923,0.4959349593495935,0.4822134387351778
eclipse,300,nn,long_description,63,smote,repeatedcv,912,546,366,243,182,61,21,46,136,40,0.3442622950819672,0.7472527472527473,0.5457575211673572,0.5457575211673572,0.7727272727272727,0.7472527472527473,0.7597765363128491
eclipse,300,nn,long_description,108,smote,repeatedcv,1162,586,576,242,195,47,17,63,132,30,0.3617021276595745,0.676923076923077,0.5193126022913257,0.5193126022913257,0.8148148148148148,0.676923076923077,0.7394957983193278
eclipse,300,nn,long_description,365,smote,repeatedcv,1330,670,660,242,223,19,6,49,174,13,0.3157894736842105,0.7802690582959642,0.5480292659900874,0.5480292659900874,0.93048128342246,0.7802690582959642,0.848780487804878
eclipse,300,rf,long_description,8,smote,repeatedcv,729,369,360,243,123,120,57,54,69,63,0.475,0.5609756097560976,0.5179878048780489,0.5179878048780489,0.5227272727272727,0.5609756097560976,0.5411764705882354
eclipse,300,rf,long_description,63,smote,repeatedcv,912,546,366,243,182,61,3,11,171,58,0.04918032786885246,0.9395604395604396,0.49437038371464603,0.49437038371464603,0.7467248908296943,0.9395604395604396,0.8321167883211679
eclipse,300,rf,long_description,108,smote,repeatedcv,1162,586,576,242,195,47,3,6,189,44,0.06382978723404255,0.9692307692307692,0.5165302782324059,0.5165302782324059,0.8111587982832618,0.9692307692307692,0.883177570093458
eclipse,300,rf,long_description,365,smote,repeatedcv,1330,670,660,242,223,19,0,2,221,19,0,0.9910313901345291,0.49551569506726456,0.49551569506726456,0.9208333333333333,0.9910313901345291,0.9546436285097191
