dataset,classifier,resampling,balancing,threshold,fixed_threshold,train_size,train_size_class_0,train_size_class_1,test_size,test_size_class_0,test_size_class_1,feature,n_term,tp,fp,tn,fn,acc_class_0,acc_class_1,balanced_acc,precision,recall,fmeasure
eclipse,knn,LGOCV,unbalanced,4,64,3554,2028,1526,1184,676,508,short_long_description,100,440,297,236,211,0.5970149253731343,0.5279642058165548,0.5624895655948445,0.5970149253731343,0.6758832565284179,0.6340057636887608
eclipse,knn,LGOCV,unbalanced,8,64,4040,2514,1526,1345,837,508,short_long_description,100,734,402,103,106,0.6461267605633803,0.49282296650717705,0.5694748635352787,0.6461267605633803,0.8738095238095238,0.7429149797570851
eclipse,knn,LGOCV,unbalanced,12,64,4271,2745,1526,1423,915,508,short_long_description,100,813,429,102,79,0.6545893719806763,0.56353591160221,0.6090626417914431,0.6545893719806763,0.9114349775784754,0.7619493908153702
eclipse,knn,LGOCV,unbalanced,16,64,4484,2958,1526,1494,986,508,short_long_description,100,897,445,89,63,0.6684053651266766,0.5855263157894737,0.6269658404580751,0.6684053651266766,0.934375,0.7793223284100781
