dataset,classifier,resampling,balancing,threshold,fixed_threshold,train_size,train_size_class_0,train_size_class_1,test_size,test_size_class_0,test_size_class_1,feature,n_term,tp,fp,tn,fn,acc_class_0,acc_class_1,balanced_acc,precision,recall,fmeasure
eclipse,knn,LGOCV,unbalanced,4,64,3554,2028,1526,1184,676,508,short_long_description,100,437,293,239,215,0.5986301369863014,0.526431718061674,0.5625309275239877,0.5986301369863014,0.6702453987730062,0.6324167872648336
eclipse,knn,LGOCV,unbalanced,8,64,4040,2514,1526,1345,837,508,short_long_description,100,744,400,93,108,0.6503496503496503,0.4626865671641791,0.5565181087569147,0.6503496503496503,0.8732394366197183,0.7454909819639279
