dataset,n_term,classifier,feature,threshold,balancing,resampling,train_size,train_size_class_0,train_size_class_1,test_size,test_size_class_0,test_size_class_1,tp,fp,tn,fn,sensitivity,specificity,balanced_acc,manual_balanced_acc,precision,recall,fmeasure
eclipse,300,nn,long_description,8,smote,repeatedcv,7297,3647,3650,2431,1215,1216,647,505,710,569,0.5320723684210527,0.5843621399176955,0.5582172541693741,0.5583765664364521,0.5551211884284597,0.5843621399176955,0.5693664795509221
eclipse,300,nn,long_description,63,smote,repeatedcv,9127,5467,3660,2431,1822,609,191,484,1338,418,0.3136288998357964,0.7343578485181119,0.5239933741769541,0.5224609803425293,0.7619589977220956,0.7343578485181119,0.747903856903298
eclipse,300,nn,long_description,108,smote,repeatedcv,11473,5905,5568,2431,1968,463,177,678,1290,286,0.38228941684665224,0.6554878048780488,0.5188886108623505,0.5127727313206876,0.8185279187817259,0.6554878048780488,0.7279909706546275
eclipse,300,nn,long_description,365,smote,repeatedcv,12966,6729,6237,2432,2243,189,52,412,1831,137,0.2751322751322751,0.8163174320107,0.5457248535714876,0.521227572189515,0.9303861788617886,0.8163174320107,0.8696271669437188
eclipse,300,rf,long_description,8,smote,repeatedcv,7297,3647,3650,2431,1215,1216,707,561,654,509,0.5814144736842105,0.5382716049382716,0.559843039311241,0.5599548784688788,0.5623387790197765,0.5382716049382716,0.5500420521446594
eclipse,300,rf,long_description,63,smote,repeatedcv,9127,5467,3660,2431,1822,609,55,87,1735,554,0.090311986863711,0.9522502744237102,0.5212811306437106,0.5726484287990943,0.7579729139362167,0.9522502744237102,0.8440768669423498
eclipse,300,rf,long_description,108,smote,repeatedcv,11473,5905,5568,2431,1968,463,53,131,1837,410,0.11447084233261338,0.9334349593495935,0.5239529008411035,0.5527889843462781,0.8175344904316867,0.9334349593495935,0.8716488730723607
eclipse,300,rf,long_description,365,smote,repeatedcv,12966,6729,6237,2432,2243,189,8,37,2206,181,0.042328042328042326,0.9835042353990192,0.5129161388635308,0.5509751896848671,0.9241726015919565,0.9835042353990192,0.9529157667386611
