project,feature,n_term,classifier,balancing,resampling,metric,threshold,train_size,train_size_class_0,train_size_class_1,test_size,test_size_class_0,test_size_class_1,tp,fp,tn,fn,sensitivity,specificity,balanced_acc,balanced_acc_manual,precision,recall,fmeasure
eclipse,long_description,100,knn,smote,repeatedcv,Accuracy,365,1303,666,637,238,222,16,10,97,125,6,0.625,0.5630630630630631,0.5940315315315315,0.5940315315315315,0.9541984732824428,0.5630630630630631,0.708215297450425
eclipse,long_description,100,knn,smote,repeatedcv,Kappa,365,1303,666,637,238,222,16,10,97,125,6,0.625,0.5630630630630631,0.5940315315315315,0.5940315315315315,0.9541984732824428,0.5630630630630631,0.708215297450425
eclipse,long_description,100,knn,smote,repeatedcv,ROC,365,1303,666,637,238,222,16,11,134,88,5,0.6875,0.3963963963963964,0.5419481981981982,0.5419481981981982,0.946236559139785,0.3963963963963964,0.5587301587301587
eclipse,long_description,100,knn,unbalanced,repeatedcv,Accuracy,365,715,666,49,238,222,16,0,0,222,16,0,1,0.5,0.5,0.9327731092436975,1,0.9652173913043478
eclipse,long_description,100,knn,unbalanced,repeatedcv,Kappa,365,715,666,49,238,222,16,0,0,222,16,0,1,0.5,0.5,0.9327731092436975,1,0.9652173913043478
eclipse,long_description,100,knn,unbalanced,repeatedcv,ROC,365,715,666,49,238,222,16,0,0,222,16,0,1,0.5,0.5,0.9327731092436975,1,0.9652173913043478
