dataset.one,dataset.two,test_size,test_size_class_0,test_size_class_1,tp,fp,tn,fn,acc_class_0,acc_class_1,balanced_acc,precision,recall,fmeasure
eclipse,eclipse,7434,5392,2042,4745,1496,647,546,0.7602948245473482,0.5423302598491199,0.651312542198234,0.7602948245473482,0.8968058968058968,0.822927506070066
