dataset,n_term,classifier,feature,threshold,balancing,resampling,train_size,train_size_class_0,train_size_class_1,test_size,test_size_class_0,test_size_class_1,tp,fp,tn,fn,sensitivity,specificity,balanced_acc,manual_balanced_acc,precision,recall,fmeasure
eclipse,300,nn,long_description,8,smote,repeatedcv,732,369,363,243,123,120,62,70,53,58,0.5166666666666667,0.43089430894308944,0.4737804878048781,0.4735872235872236,0.4774774774774775,0.43089430894308944,0.452991452991453
eclipse,300,nn,long_description,63,smote,repeatedcv,1098,549,549,243,183,60,26,71,112,34,0.43333333333333335,0.6120218579234973,0.5226775956284153,0.5175822623923174,0.7671232876712328,0.6120218579234973,0.6808510638297872
eclipse,300,nn,long_description,108,smote,repeatedcv,1152,592,560,243,197,46,18,68,129,28,0.391304347826087,0.6548223350253807,0.5230633414257339,0.5154791882684047,0.821656050955414,0.6548223350253807,0.728813559322034
eclipse,300,nn,long_description,365,smote,repeatedcv,1332,672,660,243,224,19,4,46,178,15,0.21052631578947367,0.7946428571428571,0.5025845864661653,0.501139896373057,0.9222797927461139,0.7946428571428571,0.8537170263788969
eclipse,300,rf,long_description,8,smote,repeatedcv,732,369,363,243,123,120,68,72,51,52,0.5666666666666667,0.4146341463414634,0.490650406504065,0.49042995839112347,0.49514563106796117,0.4146341463414634,0.4513274336283186
eclipse,300,rf,long_description,63,smote,repeatedcv,1098,549,549,243,183,60,3,7,176,57,0.05,0.9617486338797814,0.5058743169398907,0.5276824034334764,0.7553648068669528,0.9617486338797814,0.8461538461538463
eclipse,300,rf,long_description,108,smote,repeatedcv,1152,592,560,243,197,46,3,7,190,43,0.06521739130434782,0.9644670050761421,0.514842198190245,0.5577253218884121,0.8154506437768241,0.9644670050761421,0.8837209302325582
eclipse,300,rf,long_description,365,smote,repeatedcv,1332,672,660,243,224,19,0,1,223,19,0,0.9955357142857143,0.49776785714285715,0.4607438016528926,0.9214876033057852,0.9955357142857143,0.9570815450643777
