dataset,n_term,classifier,feature,threshold,balancing,resampling,train_size,train_size_class_0,train_size_class_1,test_size,test_size_class_0,test_size_class_1,tp,fp,tn,fn,sensitivity,specificity,balanced_acc,manual_balanced_acc,precision,recall,fmeasure
eclipse,100,knn,long_description,365,smote,repeatedcv,1280,670,610,243,223,20,12,83,140,8,0.6,0.6278026905829597,0.6139013452914799,0.5361308677098151,0.9459459459459459,0.6278026905829597,0.7547169811320754
eclipse,100,knn,long_description,365,unbalanced,repeatedcv,731,670,61,243,223,20,0,0,223,20,0,1,0.5,0.4588477366255144,0.9176954732510288,1,0.9570815450643778
eclipse,100,knn,short_description,365,smote,repeatedcv,1164,592,572,214,197,17,7,51,146,10,0.4117647058823529,0.7411167512690355,0.5764407285756943,0.5282935455349248,0.9358974358974359,0.7411167512690355,0.8271954674220964
eclipse,100,knn,short_description,365,unbalanced,repeatedcv,644,592,52,214,197,17,0,0,197,17,0,1,0.5,0.4602803738317757,0.9205607476635514,1,0.9586374695863746
eclipse,100,nb,long_description,365,smote,repeatedcv,1280,670,610,243,223,20,20,220,3,0,1,0.013452914798206279,0.5067264573991032,0.5416666666666666,1,0.013452914798206279,0.02654867256637168
