project,feature,n_term,classifier,balancing,resampling,metric,threshold,train_size,train_size_class_0,train_size_class_1,test_size,test_size_class_0,test_size_class_1,tp,fp,tn,fn,sensitivity,specificity,balanced_acc,balanced_acc_manual,precision,recall,fmeasure
eclipse,short_description,100,nb,unbalanced,repeatedcv,Kappa,365,6335,5846,489,2110,1948,162,102,1068,880,60,0.6296296296296297,0.4517453798767967,0.5406875047532131,0.5406875047532131,0.08717948717948718,0.6296296296296297,0.15315315315315314
freedesktop,short_description,100,nb,unbalanced,repeatedcv,Kappa,365,4880,4234,646,1626,1411,215,128,781,630,87,0.5953488372093023,0.446491849751949,0.5209203434806257,0.5209203434806257,0.1408140814081408,0.5953488372093023,0.2277580071174377
gcc,short_description,100,nb,unbalanced,repeatedcv,Kappa,365,7023,5013,2010,2340,1671,669,2,1,1670,667,0.0029895366218236174,0.9994015559545183,0.501195546288171,0.501195546288171,0.6666666666666666,0.0029895366218236174,0.005952380952380952
gnome,short_description,100,nb,unbalanced,repeatedcv,Kappa,365,5115,4367,748,1704,1455,249,2,5,1450,247,0.008032128514056224,0.9965635738831615,0.5022978511986089,0.5022978511986089,0.2857142857142857,0.008032128514056224,0.015625
mozilla,short_description,100,nb,unbalanced,repeatedcv,Kappa,365,6310,5150,1160,2102,1716,386,260,893,823,126,0.6735751295336787,0.4796037296037296,0.5765894295687042,0.5765894295687042,0.22549869904596703,0.6735751295336787,0.33788174139051325
winehq,short_description,100,nb,unbalanced,repeatedcv,Kappa,365,4215,2508,1707,1405,836,569,291,378,458,278,0.5114235500878734,0.5478468899521531,0.5296352200200133,0.5296352200200133,0.4349775784753363,0.5114235500878734,0.4701130856219709
