dataset,n_term,classifier,feature,threshold,balancing,resampling,train_size,train_size_class_0,train_size_class_1,test_size,test_size_class_0,test_size_class_1,tp,fp,tn,fn,sensitivity,specificity,balanced_acc,manual_balanced_acc,precision,recall,fmeasure
eclipse,100,nn,long_description,365,smote,repeatedcv,1287,663,624,238,221,17,5,55,166,12,0.29411764705882354,0.751131221719457,0.5226244343891403,0.5079588014981273,0.9325842696629213,0.751131221719457,0.8320802005012532
eclipse,100,nn,long_description,365,unbalanced,repeatedcv,715,663,52,238,221,17,0,0,221,17,0,1,0.5,0.4642857142857143,0.9285714285714286,1,0.962962962962963
eclipse,100,nn,short_description,365,smote,repeatedcv,1287,663,624,238,221,17,9,50,171,8,0.5294117647058824,0.7737556561085973,0.6515837104072398,0.5539248177255942,0.9553072625698324,0.7737556561085973,0.8550000000000001
eclipse,100,nn,short_description,365,unbalanced,repeatedcv,715,663,52,238,221,17,0,0,221,17,0,1,0.5,0.4642857142857143,0.9285714285714286,1,0.962962962962963
