project,feature,n_term,classifier,balancing,resampling,metric,threshold,train_size,train_size_class_0,train_size_class_1,test_size,test_size_class_0,test_size_class_1,tp,fp,tn,fn,sensitivity,specificity,balanced_acc,balanced_acc_manual,precision,recall,fmeasure
eclipse,long_description,100,knn,smote,repeatedcv,Accuracy,365,1280,670,610,243,223,20,12,83,140,8,0.6,0.6278026905829597,0.6139013452914799,0.6139013452914799,0.12631578947368421,0.6,0.20869565217391306
eclipse,long_description,100,knn,smote,repeatedcv,Kappa,365,1280,670,610,243,223,20,12,83,140,8,0.6,0.6278026905829597,0.6139013452914799,0.6139013452914799,0.12631578947368421,0.6,0.20869565217391306
eclipse,long_description,100,knn,smote,repeatedcv,ROC,365,1280,670,610,243,223,20,12,83,140,8,0.6,0.6278026905829597,0.6139013452914799,0.6139013452914799,0.12631578947368421,0.6,0.20869565217391306
eclipse,long_description,100,knn,unbalanced,repeatedcv,Accuracy,365,731,670,61,243,223,20,0,0,223,20,0,1,0.5,0.5,0,0,0
eclipse,long_description,100,knn,unbalanced,repeatedcv,Kappa,365,731,670,61,243,223,20,0,0,223,20,0,1,0.5,0.5,0,0,0
eclipse,long_description,100,knn,unbalanced,repeatedcv,ROC,365,731,670,61,243,223,20,0,0,223,20,0,1,0.5,0.5,0,0,0
