#,project,feature,classifier,balancing,resampling,metric,threshold,train_size,train_size_class_0,train_size_class_1,val_size,val_size_class_0,val_size_class_1,test_size,test_size_class_0,test_size_class_1,loss,tp,fp,tn,fn,accuracy,precision,recall,auc,sensitivity,specificity,balanced_acc,fmeasure
0,gcc,long_description,lstm,unbalanced,-,val_acc,365,6400,6400,6400,1600,1600,1600,2000,2000,2000,0.5915998816490173,1452.0,533.0,1467.0,548.0,0.7297499775886536,0.7314861416816711,0.7260000109672546,0.7950877547264099,0.726,0.7335,0.6444230305950374,0.7287327511388133
1,gcc,long_description,lstm,unbalanced,-,val_acc,365,6400,6400,6400,1600,1600,1600,2000,2000,2000,0.6268708109855652,1476.0,523.0,1477.0,524.0,0.7382500171661377,0.7383691668510437,0.7379999756813049,0.7981091737747192,0.738,0.7385,0.6368476816112164,0.7381845251049143
2,gcc,long_description,lstm,unbalanced,-,val_acc,365,6400,6400,6400,1600,1600,1600,2000,2000,2000,0.5919781923294067,1483.0,508.0,1492.0,517.0,0.7437499761581421,0.74485182762146,0.7415000200271606,0.7998401522636414,0.7415,0.746,0.6468332871896839,0.7431721445663348
3,gcc,long_description,lstm,unbalanced,-,val_acc,365,6400,6400,6400,1600,1600,1600,2000,2000,2000,0.7521439790725708,1496.0,505.0,1495.0,504.0,0.7477499842643738,0.7476261854171753,0.7480000257492065,0.8003276586532593,0.748,0.7475,0.6302964819362594,0.7478130588614256
4,gcc,long_description,lstm,unbalanced,-,val_acc,365,6400,6400,6400,1600,1600,1600,2000,2000,2000,0.5717436075210571,1465.0,505.0,1495.0,535.0,0.7400000095367432,0.7436548471450806,0.7325000166893005,0.7974816560745239,0.7325,0.7475,0.6257186723573173,0.738035285173124
