project,feature,n_term,classifier,balancing,resampling,metric,threshold,train_size,train_size_class_0,train_size_class_1,test_size,test_size_class_0,test_size_class_1,tp,fp,tn,fn,sensitivity,specificity,balanced_acc,balanced_acc_manual,precision,recall,fmeasure
eclipse,long_description,100,nn,smote,repeatedcv,Kappa,8,7227,3612,3615,2408,1203,1205,658,594,609,547,0.546058091286307,0.5062344139650873,0.5261462526256971,0.5261462526256971,0.5255591054313099,0.546058091286307,0.5356125356125355
freedesktop,long_description,100,nn,smote,repeatedcv,Kappa,8,5690,1991,3699,1896,663,1233,1163,582,81,70,0.943227899432279,0.12217194570135746,0.5326999225668182,0.5326999225668182,0.6664756446991404,0.943227899432279,0.7810611148421759
gcc,long_description,100,nn,smote,repeatedcv,Kappa,8,9684,4482,5202,2479,746,1733,1078,285,461,655,0.6220427005193306,0.6179624664879356,0.6200025835036331,0.6200025835036331,0.7909024211298606,0.6220427005193306,0.6963824289405685
gnome,long_description,100,nn,smote,repeatedcv,Kappa,8,5871,2304,3567,1956,767,1189,1100,633,134,89,0.9251471825063078,0.17470664928292046,0.5499269158946141,0.5499269158946141,0.634737449509521,0.9251471825063078,0.7529089664613279
mozilla,long_description,100,nn,smote,repeatedcv,Kappa,8,7230,2643,4587,2410,881,1529,1393,680,201,136,0.9110529758011773,0.22814982973893302,0.5696014027700551,0.5696014027700551,0.6719729860106126,0.9110529758011773,0.773459189339256
winehq,long_description,100,nn,smote,repeatedcv,Kappa,8,6920,3192,3728,1508,266,1242,906,134,132,336,0.7294685990338164,0.49624060150375937,0.6128546002687879,0.6128546002687879,0.8711538461538462,0.7294685990338164,0.7940403155127082
