project,feature,n_term,classifier,balancing,resampling,metric,threshold,train_size,train_size_class_0,train_size_class_1,test_size,test_size_class_0,test_size_class_1,tp,fp,tn,fn,sensitivity,specificity,balanced_acc,balanced_acc_manual,precision,recall,fmeasure
eclipse,long_description,100,nn,smote,repeatedcv,Kappa,1,9401,4348,5053,2408,724,1684,1183,439,285,501,0.7024940617577197,0.393646408839779,0.5480702352987493,0.5480702352987493,0.7293464858199753,0.7024940617577197,0.7156684815486993
eclipse,long_description,100,nn,smote,repeatedcv,Kappa,8,7227,3612,3615,2408,1203,1205,658,594,609,547,0.546058091286307,0.5062344139650873,0.5261462526256971,0.5261462526256971,0.5255591054313099,0.546058091286307,0.5356125356125355
eclipse,long_description,100,nn,smote,repeatedcv,Kappa,63,9039,5415,3624,2408,1805,603,103,269,1536,500,0.17081260364842454,0.8509695290858725,0.5108910663671485,0.5108910663671485,0.2768817204301075,0.17081260364842454,0.2112820512820513
eclipse,long_description,100,nn,smote,repeatedcv,Kappa,365,12847,6665,6182,2408,2221,187,71,656,1565,116,0.37967914438502676,0.704637550652859,0.5421583475189429,0.5421583475189429,0.09766162310866575,0.37967914438502676,0.15536105032822758
