project,feature,n_term,classifier,balancing,resampling,metric,threshold,train_size,train_size_class_0,train_size_class_1,test_size,test_size_class_0,test_size_class_1,tp,fp,tn,fn,sensitivity,specificity,balanced_acc,balanced_acc_manual,precision,recall,fmeasure
eclipse,long_description,100,nn,smote,repeatedcv,Kappa,365,12847,6665,6182,2408,2221,187,71,656,1565,116,0.37967914438502676,0.704637550652859,0.5421583475189429,0.5421583475189429,0.09766162310866575,0.37967914438502676,0.15536105032822758
eclipse,long_description,150,nn,smote,repeatedcv,Kappa,365,12926,6700,6226,2421,2233,188,63,568,1665,125,0.3351063829787234,0.7456336766681594,0.5403700298234414,0.5403700298234414,0.09984152139461172,0.3351063829787234,0.15384615384615383
eclipse,long_description,200,nn,smote,repeatedcv,Kappa,365,12954,6717,6237,2426,2238,188,49,475,1763,139,0.26063829787234044,0.7877569258266309,0.5241976118494857,0.5241976118494857,0.09351145038167939,0.26063829787234044,0.13764044943820225
eclipse,long_description,250,nn,smote,repeatedcv,Kappa,365,12963,6726,6237,2429,2241,188,44,439,1802,144,0.23404255319148937,0.8041053101294066,0.519073931660448,0.519073931660448,0.09109730848861283,0.23404255319148937,0.13114754098360656
eclipse,long_description,300,nn,smote,repeatedcv,Kappa,365,12966,6729,6237,2432,2243,189,45,411,1832,144,0.23809523809523808,0.8167632634864022,0.5274292507908201,0.5274292507908201,0.09868421052631579,0.23809523809523808,0.13953488372093023
