project,feature,n_term,classifier,balancing,resampling,metric,threshold,train_size,train_size_class_0,train_size_class_1,test_size,test_size_class_0,test_size_class_1,tp,fp,tn,fn,sensitivity,specificity,balanced_acc,balanced_acc_manual,precision,recall,fmeasure
eclipse,short_description,100,nb,unbalanced,repeatedcv,Kappa,1,6334,1911,4423,2111,637,1474,757,304,333,717,0.5135685210312076,0.5227629513343799,0.5181657361827938,0.5181657361827938,0.7134778510838832,0.5135685210312076,0.5972386587771203
eclipse,short_description,100,nb,unbalanced,repeatedcv,Kappa,8,6334,3162,3172,2111,1054,1057,565,493,561,492,0.5345316934720908,0.532258064516129,0.5333948789941099,0.5333948789941099,0.5340264650283554,0.5345316934720908,0.5342789598108747
eclipse,short_description,100,nb,unbalanced,repeatedcv,Kappa,63,6335,4755,1580,2110,1584,526,282,753,831,244,0.5361216730038023,0.5246212121212122,0.5303714425625072,0.5303714425625072,0.27246376811594203,0.5361216730038023,0.3613068545803972
eclipse,short_description,100,nb,unbalanced,repeatedcv,Kappa,365,6335,5846,489,2110,1948,162,102,1068,880,60,0.6296296296296297,0.4517453798767967,0.5406875047532131,0.5406875047532131,0.08717948717948718,0.6296296296296297,0.15315315315315314
