Model,Threshold,Precision,Recall,Fmeasure
knn,4,0.472361809045226,0.277286135693215,0.349442379182156
