#,project,feature,classifier,balancing,resampling,metric,threshold,terms,train_size,train_size_class_0,train_size_class_1,val_size,val_size_class_0,val_size_class_1,test_size,test_size_class_0,test_size_class_1,loss,tp,fp,tn,fn,accuracy,precision,recall,auc,sensitivity,specificity,balanced_acc,fmeasure,epochs
0,eclipse,long_description,lstm+emb,smote,repeated_cv_5x2,val_accuracy,365,100,10824,5412,5412,2706,1353,1353,2444,2255,189,0.7594462037086487,926.0,1518.0,926.0,1518.0,0.3788870573043823,0.3788870573043823,0.3788870573043823,0.30105888843536377,0.3788870703764321,0.3788870703764321,0.5034456058846303,0.3788870573043823,2
1,eclipse,long_description,lstm+emb,smote,repeated_cv_5x2,val_accuracy,365,150,10824,5412,5412,2706,1353,1353,2444,2255,189,0.7714076042175293,920.0,1524.0,920.0,1524.0,0.3764320909976959,0.3764320909976959,0.3764320909976959,0.2888365387916565,0.37643207855973815,0.37643207855973815,0.5190816410328605,0.3764320909976959,2
2,eclipse,long_description,lstm+emb,smote,repeated_cv_5x2,val_accuracy,365,200,10824,5412,5412,2706,1353,1353,2444,2255,189,0.7452847957611084,1223.0,1221.0,1223.0,1221.0,0.5004091858863831,0.5004091858863831,0.5004091858863831,0.4450770914554596,0.5004091653027823,0.5004091653027823,0.4965860697568014,0.5004091858863831,2
3,eclipse,long_description,lstm+emb,smote,repeated_cv_5x2,val_accuracy,365,250,10824,5412,5412,2706,1353,1353,2444,2255,189,0.7599568367004395,1069.0,1375.0,1069.0,1375.0,0.43739771842956543,0.43739771842956543,0.43739771842956543,0.38206201791763306,0.43739770867430444,0.43739770867430444,0.493948779314633,0.43739771842956543,2
4,eclipse,long_description,lstm+emb,smote,repeated_cv_5x2,val_accuracy,365,300,10824,5412,5412,2706,1353,1353,2444,2255,189,0.8100812435150146,895.0,1549.0,895.0,1549.0,0.3662029504776001,0.3662029504776001,0.3662029504776001,0.2790907621383667,0.36620294599018005,0.36620294599018005,0.5086908574713452,0.3662029504776001,2
