#,project,feature,classifier,balancing,resampling,metric,threshold,terms,train_size,train_size_class_0,train_size_class_1,val_size,val_size_class_0,val_size_class_1,test_size,test_size_class_0,test_size_class_1,loss,tp,fp,tn,fn,accuracy,precision,recall,auc,sensitivity,specificity,balanced_acc,fmeasure,epochs
0,freedesktop,long_description,lstm+emb,smote,repeated_cv_5x2,val_accuracy,28,100,4628,2314,2314,1156,578,578,1915,963,952,0.6902603507041931,1027.0,888.0,1027.0,888.0,0.5362924337387085,0.5362924337387085,0.5362924337387085,0.5490797162055969,0.5362924281984334,0.5362924281984334,0.5364751040603157,0.5362924337387085,2
1,gcc,long_description,lstm+emb,smote,repeated_cv_5x2,val_accuracy,63,100,5991,2996,2995,1497,748,749,2489,1247,1242,0.695521354675293,1252.0,1237.0,1252.0,1237.0,0.5030132532119751,0.5030132532119751,0.5030132532119751,0.5186874866485596,0.5030132583366814,0.5030132583366814,0.5031670211405925,0.5030132532119751,2
2,gnome,long_description,lstm+emb,smote,repeated_cv_5x2,val_accuracy,23,100,4783,2392,2391,1195,597,598,1985,996,989,0.6903775930404663,1068.0,917.0,1068.0,917.0,0.5380352735519409,0.5380352735519409,0.5380352735519409,0.5433602333068848,0.5380352644836272,0.5380352644836272,0.5377577042243799,0.5380352735519409,2
3,mozilla,long_description,lstm+emb,smote,repeated_cv_5x2,val_accuracy,24,100,5888,2944,2944,1472,736,736,2445,1226,1219,0.6790101528167725,1396.0,1049.0,1396.0,1049.0,0.5709611177444458,0.5709611177444458,0.5709611177444458,0.60075443983078,0.570961145194274,0.570961145194274,0.5709096189078042,0.5709611177444458,2
4,winehq,long_description,lstm+emb,smote,repeated_cv_5x2,val_accuracy,220,100,3639,1819,1820,909,455,454,1514,757,757,0.6924853324890137,777.0,737.0,777.0,737.0,0.5132100582122803,0.5132100582122803,0.5132100582122803,0.5225050449371338,0.5132100396301189,0.5132100396301189,0.5132100396301189,0.5132100582122803,2
