#,project,feature,classifier,balancing,resampling,metric,threshold,terms,train_size,train_size_class_0,train_size_class_1,val_size,val_size_class_0,val_size_class_1,test_size,test_size_class_0,test_size_class_1,loss,tp,fp,tn,fn,accuracy,precision,recall,auc,sensitivity,specificity,balanced_acc,fmeasure,epochs
0,gcc,long_description,lstm+emb,smote,repeated_cv_5x2,val_accuracy,365,100,8468,4234,4234,2116,1058,1058,2489,1763,726,1.1100220680236816,1124.0,1365.0,1124.0,1365.0,0.4515869915485382,0.4515869915485382,0.4515869915485382,0.4216337502002716,0.45158698272398556,0.45158698272398556,0.5184880048877367,0.4515869915485382,200
1,gcc,long_description,lstm+emb,smote,repeated_cv_5x2,val_accuracy,365,150,8468,4234,4234,2116,1058,1058,2489,1763,726,1.251434326171875,1091.0,1398.0,1091.0,1398.0,0.43832865357398987,0.43832865357398987,0.43832865357398987,0.4000895917415619,0.43832864604258737,0.43832864604258737,0.5127748375311929,0.43832865357398987,200
2,gcc,long_description,lstm+emb,smote,repeated_cv_5x2,val_accuracy,365,200,8468,4234,4234,2116,1058,1058,2489,1763,726,1.5268417596817017,1133.0,1356.0,1133.0,1356.0,0.4552029073238373,0.4552029073238373,0.4552029073238373,0.4242289066314697,0.45520289272800324,0.45520289272800324,0.5331934046805392,0.4552029073238373,200
3,gcc,long_description,lstm+emb,smote,repeated_cv_5x2,val_accuracy,365,250,8468,4234,4234,2116,1058,1058,2489,1763,726,1.560142159461975,1156.0,1333.0,1156.0,1333.0,0.464443564414978,0.464443564414978,0.464443564414978,0.42859017848968506,0.4644435516271595,0.4644435516271595,0.5295889332139525,0.464443564414978,200
4,gcc,long_description,lstm+emb,smote,repeated_cv_5x2,val_accuracy,365,300,8468,4234,4234,2116,1058,1058,2489,1763,726,2.4313271045684814,1013.0,1476.0,1013.0,1476.0,0.40699076652526855,0.40699076652526855,0.40699076652526855,0.3567177653312683,0.40699075934110085,0.40699075934110085,0.5145542205950601,0.40699076652526855,200
