#,project,feature,classifier,balancing,resampling,metric,threshold,terms,train_size,train_size_class_0,train_size_class_1,val_size,val_size_class_0,val_size_class_1,test_size,test_size_class_0,test_size_class_1,loss,tp,fp,tn,fn,accuracy,precision,recall,auc,sensitivity,specificity,balanced_acc,fmeasure,epochs
0,gcc,long_description,lstm+emb,smote,repeated_cv_5x2,val_accuracy,365,100,8468,4234,4234,2116,1058,1058,2489,1763,726,0.76502925157547,1015.0,1474.0,1015.0,1474.0,0.4077942967414856,0.4077942967414856,0.4077942967414856,0.42565762996673584,0.4077942948975492,0.4077942948975492,0.5280845634710432,0.4077942967414856,2
1,gcc,long_description,lstm+emb,smote,repeated_cv_5x2,val_accuracy,365,150,8468,4234,4234,2116,1058,1058,2489,1763,726,0.7193284630775452,1149.0,1340.0,1149.0,1340.0,0.461631178855896,0.461631178855896,0.461631178855896,0.4884435534477234,0.4616311771795902,0.4616311771795902,0.5263883875625226,0.461631178855896,2
2,gcc,long_description,lstm+emb,smote,repeated_cv_5x2,val_accuracy,365,200,8468,4234,4234,2116,1058,1058,2489,1763,726,0.7537545561790466,1077.0,1412.0,1077.0,1412.0,0.4327038824558258,0.4327038824558258,0.4327038824558258,0.46072185039520264,0.4327038971474488,0.4327038971474488,0.5221725583582955,0.4327038824558258,2
3,gcc,long_description,lstm+emb,smote,repeated_cv_5x2,val_accuracy,365,250,8468,4234,4234,2116,1058,1058,2489,1763,726,0.7484255433082581,1093.0,1396.0,1093.0,1396.0,0.4391321837902069,0.4391321837902069,0.4391321837902069,0.46573296189308167,0.4391321815990358,0.4391321815990358,0.5303561578763971,0.4391321837902069,2
4,gcc,long_description,lstm+emb,smote,repeated_cv_5x2,val_accuracy,365,300,8468,4234,4234,2116,1058,1058,2489,1763,726,0.7323942184448242,1126.0,1363.0,1126.0,1363.0,0.45239052176475525,0.45239052176475525,0.45239052176475525,0.47942543029785156,0.4523905182804339,0.4523905182804339,0.5283724680414208,0.45239052176475525,2
