project,feature,n_term,classifier,balancing,resampling,metric,threshold,train_size,train_size_class_0,train_size_class_1,test_size,test_size_class_0,test_size_class_1,tp,fn,fp,tn,sensitivity,specificity,balanced_acc,balanced_acc_manual,precision,recall,fmeasure,hyper1,value1,hyper2,value2,hyper3,value3
eclipse,long_description,100,knn,smote,repeatedcv,ROC,365,12847,6665,6182,2408,2221,187,112,75,1227,994,0.598930481283422,0.44754615038271,0.523238315833066,0.523238315833066,0.083644510828977,0.598930481283422,0.146788990825688,k,11,,0,,0
eclipse,short_description,100,nb,unbalanced,repeatedcv,ROC,365,6335,5846,489,2110,1948,162,102,60,1068,880,0.62962962962963,0.451745379876797,0.540687504753213,0.540687504753213,0.087179487179487,0.62962962962963,0.153153153153153,fL,0,usekernel,1,adjust,1
eclipse,long_description,100,nn,smote,repeatedcv,Accuracy,365,12847,6665,6182,2408,2221,187,71,116,656,1565,0.379679144385027,0.704637550652859,0.542158347518943,0.542158347518943,0.097661623108666,0.379679144385027,0.155361050328228,size,20,decay,0.5,,0
eclipse,long_description,100,rf,smote,repeatedcv,Accuracy,365,12847,6665,6182,2408,2221,187,20,167,102,2119,0.106951871657754,0.954074741107609,0.530513306382682,0.530513306382682,0.163934426229508,0.106951871657754,0.129449838187702,mtry,25,,0,,0
eclipse,long_description,100,svm,smote,repeatedcv,Accuracy,365,12847,6665,6182,2408,2221,187,11,176,84,2137,0.058823529411765,0.962179198559208,0.510501363985486,0.510501363985486,0.115789473684211,0.058823529411765,0.078014184397163,sigma,0.03125,C,1024,,0
