project,feature,n_term,classifier,balancing,resampling,metric,threshold,train_size,train_size_class_0,train_size_class_1,test_size,test_size_class_0,test_size_class_1,tp,fp,tn,fn,sensitivity,specificity,balanced_acc,balanced_acc_manual,precision,recall,fmeasure
eclipse,long_description,100,nn,smote,repeatedcv,Accuracy,8,7227,3612,3615,2408,1203,1205,656,592,611,549,0.5443983402489626,0.5078969243557773,0.5261476323023699,0.5261476323023699,0.5256410256410257,0.5443983402489626,0.5348552792498981
eclipse,long_description,100,nn,smote,repeatedcv,Accuracy,63,9039,5415,3624,2408,1805,603,103,269,1536,500,0.17081260364842454,0.8509695290858725,0.5108910663671485,0.5108910663671485,0.2768817204301075,0.17081260364842454,0.2112820512820513
eclipse,long_description,100,nn,smote,repeatedcv,Accuracy,108,11358,5850,5508,2408,1949,459,218,783,1166,241,0.4749455337690632,0.5982555156490508,0.536600524709057,0.536600524709057,0.2177822177822178,0.4749455337690632,0.29863013698630136
eclipse,long_description,100,nn,smote,repeatedcv,Accuracy,365,12847,6665,6182,2408,2221,187,75,683,1538,112,0.40106951871657753,0.6924808644754615,0.5467751915960195,0.5467751915960195,0.09894459102902374,0.40106951871657753,0.15873015873015875
