dataset,classifier,resampling,balancing,fixed_threshold,variable_threshold,train_size,train_size_class_0,train_size_class_1,test_size,test_size_class_0,test_size_class_1,feature,n_terms,tp,fp,tn,fn,acc_class_0,acc_class_1,balanced_acc,precision,recall,fmeasure
Eclipse,knn,none,manual,8,8,3636,1818,1818,3634,1817,1817,long_description,200,873,807,944,1010,0.5196428571428572,0.48311156601842375,0.5013772115806405,0.5196428571428572,0.4636218799787573,0.490036486107213
Eclipse,svmRadial,none,manual,8,8,3636,1818,1818,3634,1817,1817,long_description,200,973,750,844,1067,0.5647127103888566,0.4416535845107274,0.503183147449792,0.5647127103888566,0.4769607843137255,0.5171405793250067
Eclipse,rf,none,manual,8,8,3636,1818,1818,3634,1817,1817,long_description,200,991,779,826,1038,0.5598870056497175,0.44313304721030045,0.501510026430009,0.5598870056497175,0.48841793987185805,0.5217162411160832
Eclipse,knn,none,manual,8,64,1588,794,794,1588,794,794,long_description,200,383,328,411,466,0.5386779184247539,0.46864310148232613,0.5036605099535401,0.5386779184247539,0.45111896348645464,0.49102564102564106
Eclipse,svmRadial,none,manual,8,64,1588,794,794,1588,794,794,long_description,200,394,318,400,476,0.5533707865168539,0.45662100456621,0.5049958955415319,0.5533707865168539,0.4528735632183908,0.49810366624525915
Eclipse,rf,none,manual,8,64,1588,794,794,1588,794,794,long_description,200,384,283,410,511,0.5757121439280359,0.44516829533116176,0.5104402196295988,0.5757121439280359,0.42905027932960893,0.49167733674775926
